income_rank,higher_ed,iphone,parent_max_income_rank
27,No,No,45
4,No,No,25
63,No,Yes,78
73,Yes,No,74
1,No,No,23
80,Yes,Yes,67
96,Yes,Yes,85
59,Yes,Yes,49
89,Yes,Yes,67
80,Yes,Yes,70
56,No,No,80
27,No,No,46
80,Yes,No,69
12,No,No,49
78,Yes,Yes,57
21,No,No,43
87,Yes,No,90
13,No,No,21
12,No,No,45
72,Yes,Yes,64
40,No,No,56
34,No,No,50
0,No,No,24
41,No,No,81
54,Yes,Yes,50
58,Yes,Yes,34
51,Yes,No,28
3,No,No,32
97,Yes,Yes,83
68,Yes,Yes,60
36,No,No,59
79,Yes,Yes,59
3,No,No,30
75,Yes,Yes,58
68,Yes,No,63
82,Yes,No,61
36,No,No,62
71,Yes,Yes,50
71,Yes,Yes,52
94,Yes,Yes,80
96,Yes,Yes,80
60,Yes,No,55
57,Yes,Yes,53
58,Yes,No,73
58,Yes,Yes,46
84,Yes,Yes,86
59,Yes,Yes,62
64,Yes,Yes,52
6,No,No,31
61,Yes,Yes,44
0,No,No,21
9,No,No,33
99,Yes,Yes,76
80,Yes,No,82
6,No,No,25
71,Yes,Yes,78
78,Yes,Yes,65
44,No,No,74
40,No,No,49
22,No,No,43
8,No,No,27
82,Yes,No,78
89,Yes,Yes,75
90,Yes,Yes,87
65,Yes,Yes,50
70,Yes,No,53
84,Yes,Yes,73
75,Yes,Yes,67
1,No,No,24
80,Yes,No,73
93,Yes,Yes,82
31,No,No,62
70,Yes,Yes,65
5,No,No,39
72,Yes,Yes,57
70,Yes,Yes,60
55,Yes,Yes,45
13,No,No,52
94,Yes,Yes,77
4,No,No,21
66,Yes,Yes,51
65,Yes,No,59
79,Yes,No,62
65,Yes,Yes,50
36,Yes,No,42
8,No,No,25
21,No,No,48
77,Yes,Yes,68
55,Yes,No,32
60,Yes,Yes,24
22,No,No,50
4,No,No,22
24,No,No,44
52,Yes,No,53
90,Yes,Yes,73
23,No,No,39
18,No,No,21
51,Yes,Yes,51
78,Yes,Yes,56
44,No,No,69
83,Yes,Yes,81
42,Yes,No,60
6,No,No,30
14,No,No,38
28,No,No,23
49,No,No,74
16,No,No,44
48,Yes,Yes,53
41,No,No,80
13,No,No,28
63,Yes,Yes,77
93,Yes,No,77
30,No,No,65
6,No,No,37
98,Yes,Yes,84
52,Yes,Yes,46
48,Yes,Yes,49
22,Yes,No,25
38,No,No,59
4,No,No,25
96,Yes,Yes,78
19,No,No,52
29,Yes,Yes,26
92,Yes,Yes,71
94,Yes,Yes,87
41,No,No,64
68,Yes,Yes,80
34,No,No,53
62,Yes,Yes,46
84,Yes,Yes,63
27,No,No,71
77,Yes,Yes,52
8,No,No,41
17,No,No,48
7,No,No,25
36,No,No,37
96,Yes,Yes,88
87,Yes,Yes,83
87,Yes,Yes,73
24,No,No,23
37,No,No,63
74,Yes,No,90
11,No,No,26
15,No,No,32
56,Yes,No,75
12,No,No,26
12,No,No,37
52,No,No,88
1,No,No,41
41,Yes,No,33
91,Yes,Yes,75
4,No,No,41
30,No,No,47
36,No,No,54
77,Yes,Yes,47
3,No,No,34
38,No,No,49
22,No,No,38
59,Yes,Yes,50
63,Yes,No,51
32,No,No,55
68,Yes,No,59
80,Yes,Yes,60
20,No,No,49
72,Yes,Yes,63
23,No,No,36
18,No,No,39
73,Yes,No,60
23,No,No,34
20,No,No,44
1,No,No,24
8,No,No,39
24,No,No,54
47,No,Yes,55
51,Yes,No,34
66,Yes,No,66
44,No,No,58
13,No,No,30
20,No,No,40
5,No,No,21
5,No,No,22
85,Yes,Yes,74
20,No,No,39
63,Yes,Yes,59
64,Yes,Yes,43
3,No,No,21
3,No,No,25
63,Yes,No,63
14,No,No,35
54,Yes,No,51
32,Yes,Yes,26
8,No,No,23
75,Yes,Yes,68
19,No,No,24
10,No,No,33
16,No,No,46
23,No,No,39
44,Yes,No,40
58,No,No,88
52,Yes,No,31
64,Yes,Yes,37
43,No,Yes,74
23,No,No,53
16,No,No,27
47,Yes,No,48
62,Yes,No,51
53,Yes,Yes,53
75,Yes,Yes,66
86,Yes,Yes,60
86,Yes,Yes,82
35,No,No,55
19,No,No,31
19,No,No,51
36,No,No,79
11,No,No,23
17,No,No,35
84,Yes,Yes,76
12,No,No,34
45,Yes,No,31
5,No,No,21
20,No,No,30
38,No,No,74
46,No,No,71
71,Yes,No,32
62,Yes,No,74
86,Yes,Yes,62
94,Yes,Yes,87
39,No,No,67
14,No,No,37
49,Yes,Yes,47
20,No,No,34
47,Yes,Yes,32
1,No,No,24
93,Yes,Yes,86
74,Yes,No,69
78,Yes,No,77
0,No,No,27
84,Yes,Yes,73
80,Yes,Yes,78
47,No,No,47
32,No,Yes,58
84,Yes,No,76
56,Yes,Yes,40
41,Yes,Yes,26
65,Yes,Yes,65
14,No,No,27
77,Yes,No,82
58,Yes,Yes,36
27,Yes,No,25
89,Yes,Yes,83
35,No,No,55
76,Yes,Yes,69
32,No,No,71
25,No,No,54
60,Yes,No,42
4,No,No,24
60,Yes,Yes,50
56,Yes,No,70
70,Yes,Yes,45
40,Yes,Yes,42
1,No,No,28
14,No,No,39
86,Yes,No,73
69,Yes,Yes,54
43,No,No,70
55,Yes,Yes,54
29,No,No,70
63,Yes,No,26
96,Yes,Yes,85
58,Yes,No,67
41,Yes,No,23
96,Yes,Yes,80
22,No,No,22
87,Yes,Yes,69
81,Yes,No,78
61,Yes,Yes,54
58,Yes,Yes,59
83,Yes,Yes,57
2,No,No,27
34,Yes,Yes,31
37,Yes,No,23
20,No,No,39
73,Yes,No,53
31,No,No,50
50,Yes,No,33
51,Yes,Yes,69
85,Yes,Yes,64
20,No,No,38
71,Yes,No,65
30,No,No,58
81,Yes,No,60
46,Yes,Yes,22
21,No,No,35
28,No,No,48
30,No,No,50
90,Yes,Yes,82
82,Yes,No,63
95,Yes,Yes,87
57,Yes,No,56
45,Yes,No,47
69,Yes,No,66
62,No,No,77
19,No,No,50
54,No,No,79
49,Yes,No,45
78,Yes,No,63
10,No,No,36
6,No,No,23
80,Yes,Yes,79
30,No,No,32
63,Yes,No,71
96,Yes,Yes,82
52,Yes,Yes,50
67,Yes,No,36
5,No,No,20
17,No,No,25
79,Yes,Yes,61
16,No,No,51
42,No,No,69
2,No,No,25
61,Yes,No,54
25,No,No,51
37,No,No,64
21,No,No,53
71,Yes,No,55
33,No,No,49
20,No,No,62
64,Yes,Yes,59
60,Yes,No,68
88,Yes,Yes,82
9,No,No,25
12,No,No,33
72,Yes,Yes,73
51,No,No,85
90,Yes,Yes,83
34,No,No,61
4,No,No,47
66,Yes,Yes,58
19,No,No,55
66,Yes,Yes,66
90,Yes,No,89
39,No,No,53
10,No,No,29
69,Yes,Yes,84
78,Yes,Yes,71
87,Yes,Yes,79
61,Yes,No,52
44,Yes,No,50
77,Yes,Yes,85
66,Yes,Yes,49
70,Yes,Yes,54
75,Yes,Yes,78
8,No,No,26
82,Yes,No,77
1,No,No,21
61,No,No,83
40,No,No,64
26,No,No,45
7,No,No,21
62,Yes,Yes,68
80,Yes,Yes,64
69,Yes,Yes,39
95,Yes,Yes,89
3,No,No,33
52,Yes,No,22
99,Yes,Yes,86
38,Yes,Yes,23
88,Yes,Yes,72
55,Yes,No,41
39,No,No,63
18,No,No,54
85,Yes,Yes,66
45,No,No,47
28,No,No,43
69,Yes,Yes,64
40,Yes,No,21
85,Yes,Yes,80
31,Yes,Yes,32
53,Yes,Yes,37
17,No,No,42
58,Yes,No,73
94,Yes,No,69
31,No,No,50
17,No,No,43
91,Yes,Yes,78
83,Yes,Yes,72
94,Yes,Yes,86
46,Yes,Yes,39
48,No,No,78
10,No,No,22
28,No,No,38
71,Yes,Yes,60
24,No,No,51
44,No,No,77
7,No,No,22
66,Yes,Yes,49
52,Yes,Yes,38
52,No,No,86
75,Yes,Yes,56
15,No,No,43
94,Yes,Yes,89
91,Yes,Yes,77
8,No,No,35
16,No,No,48
85,Yes,Yes,82
55,Yes,Yes,34
20,No,No,51
9,No,No,32
71,Yes,Yes,67
0,No,No,22
75,Yes,Yes,58
77,Yes,No,79
8,No,No,24
6,No,No,23
46,No,No,62
51,Yes,No,44
26,No,No,36
46,Yes,No,35
77,Yes,Yes,55
87,Yes,Yes,86
50,Yes,Yes,41
63,Yes,Yes,45
32,No,No,52
16,No,No,37
50,Yes,Yes,47
55,Yes,No,60
18,No,No,22
99,Yes,Yes,79
70,Yes,No,60
29,No,No,56
77,Yes,No,81
1,No,No,23
62,No,No,83
95,Yes,No,88
2,No,No,20
61,Yes,Yes,49
52,Yes,Yes,69
56,Yes,No,53
70,Yes,No,66
44,Yes,No,41
97,Yes,Yes,77
25,No,No,48
11,No,No,34
54,Yes,No,54
74,Yes,Yes,64
17,No,No,45
34,No,No,73
55,Yes,Yes,35
4,No,No,36
51,Yes,No,53
49,Yes,Yes,37
89,Yes,Yes,82
29,No,No,70
62,Yes,No,62
77,Yes,No,53
2,No,No,21
32,No,No,71
13,No,No,22
13,No,No,26
50,Yes,Yes,46
88,Yes,Yes,82
69,Yes,Yes,62
88,Yes,Yes,72
23,No,No,32
60,Yes,No,26
52,Yes,Yes,41
0,No,No,25
87,Yes,Yes,71
3,No,No,28
4,No,No,27
35,No,No,57
63,Yes,No,50
25,No,No,24
22,No,No,38
99,Yes,Yes,84
42,No,No,57
38,No,No,62
24,No,No,33
79,Yes,Yes,80
57,Yes,No,49
34,No,No,57
24,No,No,42
85,Yes,Yes,84
28,No,No,39
70,Yes,Yes,48
76,Yes,Yes,85
20,No,No,43
40,No,No,64
50,No,No,80
89,Yes,Yes,72
82,Yes,No,82
77,Yes,Yes,73
35,No,No,42
61,Yes,No,42
10,No,No,40
69,Yes,No,69
56,Yes,Yes,34
67,Yes,Yes,57
71,Yes,Yes,74
57,No,No,76
9,No,No,27
79,Yes,Yes,85
53,Yes,Yes,44
50,No,No,75
6,No,No,29
80,Yes,Yes,85
11,No,No,30
81,Yes,Yes,72
39,No,No,66
11,No,No,30
86,Yes,Yes,78
22,No,No,43
45,No,No,52
13,No,No,31
40,No,No,69
83,Yes,Yes,80
63,Yes,Yes,51
2,No,No,32
49,Yes,Yes,22
95,Yes,Yes,86
79,Yes,Yes,88
69,Yes,No,59
85,Yes,No,76
15,No,No,48
5,No,No,47
21,No,No,37
64,Yes,Yes,61
32,No,No,77
43,Yes,Yes,39
81,Yes,No,61
21,No,No,37
48,Yes,No,66
3,No,No,23
57,Yes,Yes,42
33,No,No,57
42,No,No,61
89,Yes,Yes,85
24,No,No,41
67,Yes,Yes,73
21,No,No,52
59,Yes,Yes,55
55,Yes,Yes,22
71,Yes,No,48
68,Yes,Yes,57
76,Yes,No,84
30,No,No,56
31,No,No,73
99,Yes,Yes,86
64,Yes,Yes,45
27,No,No,63
75,Yes,Yes,69
37,No,No,42
40,No,No,71
76,Yes,No,65
50,Yes,Yes,63
42,No,No,55
27,Yes,No,22
85,Yes,Yes,71
8,No,No,23
59,Yes,Yes,32
89,Yes,No,82
18,No,No,23
28,No,No,50
64,Yes,Yes,50
24,No,No,34
31,No,Yes,39
25,No,No,68
100,Yes,Yes,86
13,No,No,42
14,No,No,44
47,Yes,No,38
5,No,No,22
43,Yes,Yes,34
20,No,No,22
10,No,No,46
30,Yes,Yes,28
43,Yes,No,32
87,Yes,Yes,88
23,No,No,53
70,No,No,79
12,No,No,24
65,Yes,Yes,52
37,No,No,51
37,No,No,54
30,No,No,60
24,No,No,62
53,Yes,Yes,48
34,Yes,No,30
32,No,No,23
19,No,No,34
83,Yes,Yes,76
3,No,No,22
92,Yes,Yes,67
51,Yes,Yes,22
74,Yes,Yes,71
79,Yes,No,51
41,Yes,No,34
48,No,No,53
94,Yes,Yes,74
15,No,No,21
62,Yes,No,61
11,No,No,57
23,No,No,36
3,No,No,28
27,No,No,79
88,Yes,Yes,88
97,Yes,Yes,81
74,Yes,Yes,64
40,No,No,83
51,Yes,No,51
92,Yes,Yes,90
62,Yes,Yes,57
52,Yes,No,44
18,No,No,46
44,No,No,66
82,Yes,Yes,61
79,Yes,Yes,60
58,Yes,No,46
97,Yes,Yes,86
10,No,No,39
26,No,No,58
59,Yes,No,45
42,Yes,No,49
7,No,No,32
53,Yes,Yes,78
29,No,No,43
21,No,No,52
77,Yes,Yes,83
9,No,No,44
70,Yes,No,73
62,Yes,Yes,59
20,No,No,33
47,Yes,Yes,34
60,Yes,Yes,38
3,No,No,32
91,Yes,No,82
94,Yes,Yes,85
24,No,No,40
17,No,No,32
96,Yes,Yes,83
29,No,No,65
24,No,No,42
11,No,No,23
91,Yes,Yes,81
86,Yes,Yes,56
93,Yes,Yes,84
49,Yes,Yes,37
7,No,No,26
62,Yes,Yes,53
71,Yes,No,63
36,No,No,66
79,Yes,Yes,62
1,No,No,27
12,No,No,40
89,Yes,Yes,79
25,No,No,44
32,No,No,59
44,No,No,82
57,Yes,Yes,47
35,Yes,No,35
25,No,No,40
93,Yes,Yes,78
67,No,No,66
54,Yes,Yes,47
34,Yes,Yes,30
93,Yes,Yes,83
50,Yes,No,42
2,No,No,28
55,Yes,Yes,43
56,Yes,No,48
43,No,No,76
98,Yes,Yes,80
79,Yes,Yes,63
38,No,No,64
17,No,No,40
59,No,No,76
38,No,No,30
24,No,No,31
83,Yes,Yes,77
16,No,No,45
56,Yes,Yes,49
6,No,No,37
19,No,No,32
98,Yes,Yes,89
21,No,No,36
90,Yes,Yes,89
43,Yes,Yes,25
79,Yes,Yes,68
49,Yes,No,36
42,Yes,Yes,25
74,Yes,Yes,64
55,Yes,Yes,43
84,Yes,Yes,69
14,No,No,27
22,No,No,41
14,No,No,32
47,Yes,Yes,38
18,No,No,39
54,Yes,Yes,58
75,Yes,Yes,71
24,No,No,56
89,Yes,No,65
57,Yes,Yes,51
30,No,No,28
51,Yes,No,58
29,No,No,50
69,Yes,Yes,63
100,Yes,Yes,78
26,No,No,59
40,No,No,45
98,Yes,Yes,85
89,Yes,Yes,79
50,Yes,Yes,37
74,Yes,No,75
46,Yes,No,31
8,No,No,34
80,Yes,Yes,72
4,No,No,23
28,No,No,48
79,Yes,Yes,69
74,Yes,Yes,67
98,Yes,Yes,84
58,Yes,Yes,57
69,Yes,No,56
47,Yes,Yes,44
67,Yes,Yes,39
6,No,No,29
68,Yes,No,56
87,Yes,Yes,75
45,Yes,Yes,34
58,Yes,Yes,54
57,Yes,No,52
11,No,No,37
79,Yes,Yes,80
80,Yes,Yes,85
86,Yes,Yes,85
90,Yes,Yes,66
88,Yes,Yes,70
89,Yes,Yes,80
55,Yes,No,40
97,Yes,Yes,89
26,No,No,45
6,No,No,23
92,Yes,Yes,81
51,Yes,Yes,52
10,No,No,32
69,Yes,Yes,65
83,Yes,Yes,85
83,Yes,Yes,88
53,Yes,Yes,68
90,Yes,Yes,85
34,Yes,Yes,31
91,Yes,Yes,71
84,Yes,No,69
5,No,No,30
23,No,No,51
49,Yes,Yes,37
88,Yes,Yes,54
37,No,No,75
73,Yes,Yes,47
11,No,No,25
6,No,No,23
49,Yes,Yes,56
38,No,No,57
70,Yes,Yes,89
74,Yes,No,50
42,No,No,77
64,Yes,No,44
62,No,No,89
39,No,No,57
61,Yes,Yes,52
60,Yes,No,32
77,Yes,No,72
56,Yes,Yes,63
24,No,No,45
86,Yes,Yes,82
1,No,No,36
32,Yes,Yes,28
95,Yes,Yes,85
86,Yes,Yes,73
47,Yes,Yes,55
100,Yes,Yes,87
35,No,No,46
15,No,No,41
95,Yes,Yes,82
76,Yes,No,72
43,No,No,67
3,No,No,27
84,Yes,Yes,64
56,Yes,No,36
57,Yes,Yes,53
72,Yes,No,48
54,No,No,77
12,No,No,48
37,No,No,64
64,Yes,Yes,54
90,Yes,Yes,86
19,No,No,49
22,No,No,34
17,No,No,34
48,No,No,73
85,Yes,Yes,89
5,No,No,46
15,No,No,48
62,Yes,Yes,52
26,No,No,57
53,Yes,No,49
26,No,No,38
9,No,No,25
60,Yes,Yes,49
85,Yes,Yes,81
60,Yes,Yes,46
7,No,No,23
60,Yes,Yes,53
36,Yes,No,24
25,No,No,46
2,No,No,37
81,Yes,Yes,80
83,Yes,Yes,84
65,Yes,No,51
43,No,No,47
76,Yes,Yes,67
49,No,Yes,75
58,No,No,67
22,No,No,26
3,No,No,22
12,No,No,33
42,Yes,Yes,30
54,Yes,Yes,48
45,No,No,62
60,Yes,Yes,62
62,Yes,Yes,53
65,Yes,Yes,41
13,No,No,35
76,Yes,Yes,54
61,Yes,Yes,56
37,No,No,63
47,Yes,No,41
66,Yes,Yes,45
81,Yes,Yes,83
81,Yes,Yes,59
92,Yes,Yes,83
96,Yes,Yes,90
2,No,No,21
14,No,No,22
38,Yes,No,39
1,No,No,30
28,No,No,68
42,No,No,74
31,No,No,39
32,No,No,59
13,No,No,24
44,Yes,Yes,27
80,Yes,Yes,78
68,Yes,Yes,78
43,Yes,No,41
36,No,No,59
29,No,No,38
31,Yes,Yes,30
35,No,No,59
82,Yes,Yes,73
39,No,No,71
23,No,No,30
10,No,No,31
1,No,No,29
37,Yes,No,23
65,Yes,Yes,70
49,Yes,No,35
25,No,No,45
33,Yes,No,58
78,Yes,Yes,69
88,Yes,Yes,87
81,Yes,Yes,82
55,No,No,83
92,Yes,Yes,76
42,Yes,No,25
78,Yes,No,52
4,No,No,21
78,Yes,No,50
71,Yes,Yes,55
33,No,No,66
90,Yes,Yes,74
34,No,No,68
50,Yes,No,36
39,No,No,69
53,No,No,75
35,No,No,41
82,Yes,Yes,48
12,No,No,36
90,Yes,Yes,79
67,Yes,Yes,56
68,Yes,No,74
2,No,No,25
42,Yes,Yes,45
16,No,No,29
9,No,No,35
20,No,No,55
97,Yes,Yes,84
33,No,No,46
46,Yes,No,38
14,No,No,48
9,No,No,33
76,Yes,Yes,74
36,No,No,65
70,Yes,Yes,56
53,No,No,81
62,Yes,No,67
98,Yes,Yes,80
12,No,No,27
71,Yes,Yes,66
98,Yes,Yes,85
25,No,No,48
31,No,No,50
75,Yes,No,66
94,Yes,Yes,89
88,Yes,No,85
62,Yes,Yes,42
86,Yes,Yes,85
45,No,No,58
15,No,No,34
92,Yes,Yes,86
79,Yes,No,67
66,Yes,No,52
72,Yes,Yes,56
93,Yes,Yes,68
90,Yes,Yes,62
93,Yes,Yes,90
90,Yes,Yes,81
72,Yes,Yes,40
80,Yes,Yes,68
27,No,No,31
92,Yes,Yes,89
13,No,No,34
34,No,No,71
31,No,No,49
91,Yes,Yes,64
37,Yes,Yes,28
51,No,No,87
87,Yes,Yes,68
33,No,No,49
9,No,No,25
80,Yes,Yes,74
73,Yes,No,67
50,Yes,Yes,47
46,Yes,Yes,31
7,No,No,34
38,No,No,55
62,Yes,No,39
54,Yes,Yes,35
57,Yes,Yes,44
29,No,No,53
52,No,No,72
28,No,No,36
46,No,No,61
0,No,No,22
24,No,No,53
44,No,No,51
92,Yes,Yes,86
35,No,No,68
37,No,No,64
47,Yes,Yes,35
76,Yes,Yes,71
29,No,No,34
77,Yes,Yes,83
38,No,No,82
36,No,No,71
95,Yes,Yes,86
4,No,No,45
72,Yes,Yes,56
8,No,No,25
76,Yes,Yes,59
39,No,No,52
72,Yes,No,43
54,Yes,Yes,42
66,Yes,Yes,64
72,Yes,Yes,35
69,Yes,No,48
31,No,No,67
96,Yes,Yes,88
64,Yes,No,72
50,No,No,79
59,Yes,No,65
53,No,No,73
27,No,No,57
16,No,No,40
99,Yes,Yes,86
39,No,No,61
43,Yes,No,50
7,No,No,23
33,No,No,59
62,Yes,Yes,59
11,No,No,63
85,Yes,No,67
17,No,No,37
60,Yes,No,75
16,No,No,29
72,Yes,Yes,57
21,No,No,52
51,Yes,No,53
67,Yes,Yes,57
10,No,No,23
35,No,No,43
31,No,No,50
90,Yes,Yes,75
64,Yes,No,55
10,No,No,25
3,No,No,36
72,Yes,No,64
48,No,No,80
10,No,No,40
30,No,No,62
14,No,No,21
59,Yes,Yes,64
26,No,No,68
67,Yes,Yes,68
49,No,No,64
63,Yes,Yes,42
69,Yes,No,77
21,No,No,34
27,No,No,51
32,No,Yes,76
16,No,No,29
9,No,No,45
8,No,No,27
67,Yes,Yes,39
33,No,No,58
84,Yes,Yes,88
53,No,No,86
98,Yes,Yes,87
62,No,No,85
86,Yes,Yes,86
90,Yes,Yes,81
93,Yes,Yes,76
34,No,No,67
10,No,No,44
88,Yes,Yes,71
97,Yes,Yes,65
13,No,No,44
94,Yes,Yes,67
44,No,No,66
94,Yes,Yes,79
23,No,No,41
39,No,No,42
47,Yes,No,55
99,Yes,Yes,88
2,No,No,26
17,No,No,43
41,No,No,62
6,No,No,41
53,Yes,Yes,33
34,Yes,No,30
62,Yes,Yes,58
84,Yes,Yes,84
40,Yes,No,40
51,No,No,81
34,No,No,45
23,No,No,36
7,No,No,34
26,No,No,42
83,Yes,Yes,67
28,No,No,62
55,Yes,No,40
18,No,No,44
86,Yes,No,62
19,No,No,45
25,No,No,43
92,Yes,Yes,88
60,Yes,Yes,75
72,Yes,No,51
40,Yes,Yes,44
9,No,No,31
39,Yes,No,43
94,Yes,Yes,79
60,Yes,Yes,39
10,No,No,23
64,Yes,Yes,64
6,No,No,39
87,Yes,Yes,82
90,Yes,Yes,67
98,Yes,Yes,85
24,No,No,56
6,No,No,26
13,No,No,23
1,No,No,24
39,Yes,Yes,41
48,No,No,77
29,No,No,67
51,Yes,Yes,43
90,Yes,Yes,85
6,No,No,21
36,No,No,76
44,Yes,No,52
48,Yes,No,44
34,No,Yes,63
83,Yes,Yes,65
19,No,No,38
41,No,No,64
76,Yes,Yes,77
32,No,No,43
49,No,No,72
22,No,No,53
82,Yes,Yes,74
95,Yes,Yes,88
20,No,No,27
13,No,No,24
42,No,No,59
23,No,No,52
41,No,No,75
16,No,No,46
4,No,No,44
95,Yes,Yes,67
79,Yes,Yes,61
5,No,No,30
38,No,No,55
66,Yes,No,50
24,No,No,39
82,Yes,Yes,82
31,Yes,No,26
37,No,No,60
12,No,No,29
87,Yes,Yes,82
97,Yes,Yes,77
40,Yes,No,25
4,No,No,39
25,No,No,41
44,Yes,No,23
65,No,No,88
30,No,No,58
86,Yes,No,83
2,No,No,22
26,No,No,55
44,No,No,72
56,Yes,Yes,45
7,No,No,26
50,Yes,No,66
78,Yes,No,58
12,No,No,22
63,Yes,Yes,63
94,Yes,Yes,83
94,Yes,Yes,78
96,Yes,Yes,82
2,No,No,30
36,No,No,59
27,No,No,38
74,Yes,Yes,51
93,Yes,Yes,89
38,No,No,67
3,No,No,21
73,Yes,Yes,70
54,Yes,Yes,55
54,No,No,72
3,No,No,27
66,Yes,Yes,68
95,Yes,Yes,67
30,No,No,34
60,Yes,Yes,77
59,Yes,Yes,73
55,Yes,No,35
17,No,No,51
97,Yes,Yes,84
17,No,No,34
72,Yes,No,74
49,Yes,Yes,33
24,No,No,43
94,Yes,No,76
58,No,No,74
46,Yes,Yes,22
97,Yes,Yes,74
48,Yes,No,20
97,Yes,Yes,77
35,No,No,60
31,No,No,68
45,Yes,No,38
47,Yes,No,23
94,Yes,Yes,82
81,Yes,No,82
56,Yes,Yes,50
5,No,No,33
99,Yes,Yes,86
75,Yes,No,74
96,Yes,Yes,79
84,Yes,Yes,66
35,No,No,55
69,Yes,Yes,56
20,No,No,57
7,No,No,41
66,Yes,Yes,34
29,No,No,64
81,Yes,Yes,69
10,No,No,40
35,No,No,75
27,No,No,35
36,Yes,Yes,43
76,Yes,Yes,68
44,No,No,64
68,Yes,Yes,53
3,No,No,40
27,No,No,56
92,Yes,Yes,76
87,Yes,No,79
91,Yes,Yes,77
7,No,No,28
72,Yes,No,73
46,No,No,74
52,Yes,Yes,31
9,No,No,41
49,No,No,87
11,No,No,32
48,Yes,No,51
1,No,No,24
37,Yes,No,38
25,No,No,36
64,Yes,Yes,44
14,No,No,20
62,Yes,No,47
18,No,No,41
34,No,No,62
92,Yes,Yes,71
96,Yes,Yes,87
4,No,No,21
29,No,No,76
29,No,No,40
41,No,No,55
55,No,No,84
19,No,No,41
97,Yes,Yes,80
63,Yes,No,51
59,Yes,Yes,39
24,No,No,55
30,No,No,46
97,Yes,Yes,86
51,Yes,Yes,69
48,Yes,Yes,39
91,Yes,No,84
65,Yes,Yes,60
67,Yes,Yes,53
14,No,No,35
93,Yes,Yes,81
46,No,No,84
80,Yes,Yes,71
14,No,No,25
97,Yes,Yes,84
75,Yes,Yes,72
7,No,No,28
69,Yes,No,48
71,Yes,No,58
40,Yes,Yes,22
86,Yes,Yes,77
29,No,No,61
67,Yes,No,47
10,No,No,45
42,No,No,75
2,No,No,30
51,Yes,Yes,62
36,No,No,65
68,No,No,80
97,Yes,Yes,78
87,Yes,No,69
68,Yes,No,58
85,Yes,Yes,65
57,Yes,No,36
42,Yes,Yes,40
82,Yes,Yes,68
20,No,No,39
26,No,No,34
17,No,No,20
88,Yes,Yes,66
70,Yes,No,72
71,Yes,Yes,64
42,Yes,Yes,29
68,Yes,No,88
78,Yes,Yes,87
65,Yes,Yes,54
92,Yes,Yes,76
61,Yes,Yes,22
26,No,No,60
18,No,No,36
74,Yes,Yes,89
25,Yes,No,25
11,No,No,23
46,Yes,No,42
41,No,No,86
14,No,No,38
66,Yes,Yes,83
29,No,No,59
54,Yes,No,40
9,No,No,44
39,Yes,No,29
78,Yes,Yes,63
75,Yes,Yes,68
77,Yes,Yes,62
7,No,No,38
56,No,No,80
58,No,No,82
79,Yes,Yes,58
80,Yes,Yes,67
15,No,No,46
42,Yes,Yes,39
73,Yes,Yes,74
95,Yes,Yes,79
44,No,No,85
72,Yes,No,86
27,No,No,52
34,Yes,Yes,29
22,No,No,43
53,Yes,No,64
36,No,No,77
89,Yes,Yes,61
81,Yes,Yes,72
63,Yes,No,33
46,Yes,No,38
79,Yes,No,80
19,No,No,25
22,No,No,45
88,Yes,Yes,62
61,Yes,Yes,40
18,No,No,48
84,Yes,Yes,79
68,Yes,No,68
64,Yes,No,31
53,Yes,Yes,21
89,Yes,Yes,74
73,Yes,No,63
78,Yes,No,71
98,Yes,Yes,87
73,Yes,Yes,55
86,Yes,Yes,84
73,Yes,Yes,70
0,No,No,22
10,No,No,25
96,Yes,Yes,80
85,Yes,No,89
97,Yes,Yes,85
15,No,No,52
94,Yes,Yes,88
91,Yes,Yes,80
38,No,No,37
25,No,No,46
76,Yes,Yes,68
64,Yes,No,67
100,Yes,Yes,87
26,No,No,49
64,No,No,76
33,No,No,52
59,Yes,Yes,50
50,No,No,72
93,Yes,Yes,81
90,Yes,Yes,73
20,No,No,41
1,No,No,26
2,No,No,29
23,No,No,28
56,Yes,Yes,42
99,Yes,Yes,89
11,No,No,36
93,Yes,Yes,66
6,No,No,22
13,No,No,57
68,Yes,No,54
99,Yes,Yes,85
72,Yes,Yes,67
45,Yes,Yes,36
64,Yes,Yes,42
50,Yes,Yes,32
61,Yes,Yes,70
58,Yes,Yes,65
31,No,No,29
9,No,No,38
0,No,No,25
12,No,No,30
94,Yes,Yes,58
58,No,No,89
26,No,No,25
63,Yes,Yes,59
100,Yes,Yes,89
41,Yes,Yes,43
42,No,No,82
60,Yes,No,51
15,No,No,23
66,Yes,Yes,75
1,No,No,21
49,Yes,Yes,44
92,Yes,Yes,79
77,Yes,No,67
66,Yes,Yes,38
53,Yes,Yes,37
32,No,No,65
28,No,No,48
56,No,No,90
41,No,No,42
48,No,No,81
79,Yes,Yes,81
15,No,No,20
55,Yes,Yes,61
28,No,No,56
66,Yes,Yes,62
13,No,No,29
65,Yes,No,47
49,No,No,58
45,Yes,No,51
34,No,No,52
13,No,No,55
95,Yes,Yes,68
80,Yes,No,86
69,Yes,Yes,72
57,Yes,Yes,47
57,Yes,No,61
56,No,No,65
3,No,No,21
37,No,No,36
91,Yes,Yes,77
78,Yes,Yes,63
16,No,No,58
23,No,No,36
65,Yes,No,41
34,No,No,35
57,Yes,No,44
25,Yes,Yes,25
29,No,No,26
9,No,No,25
87,Yes,Yes,73
84,Yes,Yes,74
52,Yes,No,61
48,Yes,No,31
48,Yes,No,49
2,No,No,21
70,Yes,Yes,73
28,No,No,42
99,Yes,Yes,87
41,Yes,Yes,44
17,No,No,33
37,No,No,77
95,Yes,Yes,76
56,Yes,Yes,47
12,No,No,40
87,Yes,No,74
1,No,No,26
64,Yes,Yes,53
16,No,No,42
76,Yes,No,74
74,Yes,Yes,71
36,No,No,54
65,Yes,No,58
67,Yes,Yes,35
26,No,No,53
68,Yes,Yes,75
96,Yes,Yes,83
57,Yes,Yes,54
28,Yes,Yes,40
14,No,No,32
60,Yes,No,53
48,Yes,Yes,32
19,No,No,50
2,No,No,30
91,Yes,Yes,85
10,No,No,33
21,No,No,57
79,Yes,Yes,66
30,No,No,43
72,Yes,Yes,50
68,Yes,Yes,59
66,Yes,Yes,85
26,No,No,38
61,Yes,Yes,28
13,Yes,No,30
62,Yes,No,55
69,Yes,No,46
97,Yes,Yes,86
24,No,No,42
67,Yes,No,62
75,Yes,No,74
72,Yes,No,61
59,No,Yes,83
15,No,No,28
44,Yes,No,26
74,Yes,Yes,58
55,No,No,87
98,Yes,Yes,83
33,Yes,No,42
59,Yes,Yes,62
69,Yes,Yes,74
7,No,No,21
73,Yes,No,86
5,No,No,25
19,No,No,30
25,No,No,42
17,No,No,36
99,Yes,Yes,82
18,No,No,26
48,Yes,No,32
15,No,No,34
78,Yes,Yes,48
47,Yes,No,29
75,Yes,Yes,50
80,Yes,No,48
47,Yes,No,28
47,Yes,No,31
21,No,No,51
38,Yes,Yes,62
73,Yes,Yes,42
73,Yes,Yes,65
1,No,No,22
63,Yes,Yes,40
40,Yes,No,44
8,No,No,48
69,Yes,No,51
39,Yes,Yes,36
15,No,No,20
50,Yes,Yes,27
26,No,No,52
4,No,No,21
73,Yes,Yes,81
42,Yes,No,44
38,Yes,Yes,25
66,Yes,Yes,49
2,No,No,20
11,No,No,39
78,Yes,Yes,70
46,Yes,No,22
85,Yes,Yes,76
81,Yes,No,74
44,No,No,65
7,No,No,29
58,No,No,67
46,Yes,No,28
43,Yes,Yes,41
53,Yes,No,54
65,Yes,No,51
16,No,No,41
7,No,No,38
7,No,No,36
64,Yes,Yes,57
59,Yes,Yes,62
39,Yes,Yes,49
6,No,No,35
53,Yes,Yes,43
8,No,No,35
46,No,No,68
13,No,No,27
76,Yes,No,61
39,No,No,75
18,No,No,34
77,Yes,No,74
91,Yes,Yes,86
23,No,No,58
80,Yes,Yes,68
56,Yes,No,53
99,Yes,Yes,89
84,Yes,Yes,78
36,No,No,44
32,No,No,42
88,Yes,Yes,73
14,No,No,37
48,Yes,No,36
52,Yes,Yes,45
12,No,No,27
37,Yes,No,30
63,Yes,No,71
10,No,No,25
30,Yes,Yes,23
98,Yes,Yes,85
71,Yes,Yes,50
38,No,Yes,57
66,Yes,No,57
83,Yes,Yes,75
11,No,No,38
10,No,No,38
90,Yes,Yes,75
86,Yes,Yes,84
95,Yes,Yes,85
88,Yes,No,65
9,No,No,29
60,Yes,Yes,37
71,Yes,No,71
91,Yes,No,74
39,No,No,72
16,No,No,43
52,Yes,No,31
65,Yes,Yes,72
28,No,No,54
90,Yes,Yes,76
28,No,No,46
51,Yes,Yes,45
63,No,No,90
42,Yes,No,56
53,No,No,55
35,No,No,59
89,Yes,Yes,76
36,No,No,73
96,Yes,Yes,83
25,No,No,39
54,No,No,80
45,Yes,Yes,35
17,No,No,43
73,Yes,No,78
99,Yes,Yes,87
42,Yes,Yes,52
95,Yes,Yes,84
97,Yes,Yes,73
29,No,No,54
57,Yes,No,65
43,No,No,66
47,Yes,No,45
25,No,No,47
21,No,No,36
96,Yes,Yes,85
31,No,No,59
82,Yes,Yes,89
16,No,No,40
21,No,No,27
7,No,No,40
80,Yes,Yes,61
37,No,No,57
57,Yes,Yes,58
93,Yes,Yes,82
91,Yes,Yes,73
16,No,No,43
85,Yes,Yes,75
27,Yes,Yes,31
100,Yes,Yes,89
51,No,No,73
61,Yes,No,56
54,Yes,Yes,22
78,Yes,No,69
86,Yes,Yes,70
70,Yes,Yes,62
45,Yes,No,39
21,No,No,49
93,Yes,Yes,83
39,Yes,No,32
89,Yes,Yes,75
20,No,No,44
43,Yes,Yes,36
44,Yes,Yes,33
23,No,No,22
38,No,No,80
85,Yes,Yes,81
98,Yes,Yes,83
4,No,No,21
30,Yes,No,23
88,Yes,Yes,72
75,Yes,No,57
14,No,No,25
50,Yes,No,47
95,Yes,Yes,89
61,Yes,No,63
81,Yes,Yes,78
8,No,No,39
2,No,No,24
79,Yes,Yes,66
21,No,No,32
47,No,No,64
91,Yes,Yes,81
33,No,No,67
39,No,No,52
100,Yes,Yes,89
70,Yes,Yes,59
59,Yes,Yes,35
8,No,No,37
37,No,No,48
28,No,No,29
37,No,No,82
51,Yes,Yes,41
8,No,No,27
95,Yes,Yes,74
37,Yes,No,35
61,Yes,No,74
56,Yes,No,51
16,No,No,29
6,No,No,24
75,Yes,Yes,79
70,Yes,Yes,54
100,Yes,Yes,85
10,No,No,34
89,Yes,Yes,81
12,No,No,30
42,No,No,68
53,No,No,67
3,No,No,34
64,Yes,No,51
6,No,No,23
65,Yes,No,67
85,Yes,Yes,80
4,No,No,24
35,No,No,41
30,No,No,48
3,No,No,24
92,Yes,No,89
82,Yes,Yes,79
48,Yes,Yes,33
77,Yes,No,73
95,Yes,Yes,89
18,No,No,45
78,Yes,Yes,85
8,No,No,37
81,Yes,Yes,84
22,No,No,37
29,No,No,57
50,Yes,Yes,50
92,Yes,Yes,84
5,No,No,22
99,Yes,Yes,88
89,Yes,Yes,86
44,No,No,64
38,No,Yes,45
1,No,No,25
27,No,No,41
41,Yes,Yes,29
74,Yes,Yes,88
23,No,No,67
84,Yes,Yes,72
100,Yes,Yes,86
58,Yes,Yes,45
33,No,No,55
6,No,No,26
14,No,No,39
27,No,No,64
33,No,No,55
30,No,No,71
6,No,No,23
83,Yes,Yes,78
73,Yes,Yes,73
26,No,No,64
12,Yes,No,23
47,No,No,88
92,Yes,No,80
86,Yes,Yes,51
3,No,No,37
35,No,No,71
92,Yes,No,76
88,Yes,Yes,83
66,Yes,Yes,56
68,Yes,Yes,71
55,No,No,77
28,No,No,62
44,No,No,65
98,Yes,Yes,87
93,Yes,Yes,84
84,Yes,No,84
86,Yes,No,88
91,Yes,Yes,83
40,No,No,74
7,No,No,34
22,No,No,39
23,No,No,57
80,Yes,Yes,85
83,Yes,Yes,80
72,Yes,Yes,63
72,Yes,No,78
86,Yes,Yes,65
7,No,No,29
28,No,No,59
15,No,No,36
36,Yes,Yes,42
93,Yes,Yes,74
88,Yes,Yes,75
29,Yes,No,22
36,Yes,Yes,31
50,Yes,No,23
98,Yes,Yes,86
33,No,No,45
56,Yes,Yes,40
79,Yes,Yes,57
48,No,No,86
61,Yes,Yes,48
23,No,No,37
83,Yes,Yes,82
78,Yes,Yes,53
69,Yes,Yes,63
12,No,No,52
13,No,No,21
32,No,No,60
40,No,No,63
5,No,No,28
74,Yes,Yes,75
90,Yes,No,79
95,Yes,Yes,80
54,No,No,82
46,No,No,76
21,No,No,53
84,Yes,Yes,81
82,Yes,Yes,71
19,No,No,31
14,No,No,40
52,Yes,No,43
15,No,No,41
54,Yes,No,47
79,Yes,Yes,49
98,Yes,Yes,82
98,Yes,Yes,88
60,Yes,No,74
29,No,No,54
85,Yes,Yes,65
70,Yes,Yes,45
28,No,No,40
6,No,No,35
11,No,No,47
69,Yes,Yes,63
74,Yes,Yes,70
52,Yes,No,49
31,No,No,45
14,No,No,49
22,No,No,30
28,Yes,No,20
51,Yes,Yes,58
27,No,No,51
12,No,No,51
12,No,No,46
83,Yes,Yes,73
18,No,No,29
1,No,No,40
76,Yes,Yes,90
97,Yes,Yes,84
64,Yes,Yes,48
62,Yes,Yes,41
71,Yes,No,41
76,Yes,Yes,59
77,Yes,Yes,55
84,Yes,Yes,62
17,No,No,56
95,Yes,Yes,78
92,Yes,Yes,88
8,No,No,35
56,Yes,Yes,33
100,Yes,Yes,87
22,No,No,38
66,Yes,No,35
8,No,No,35
47,No,No,83
90,Yes,Yes,86
82,Yes,Yes,59
43,No,No,61
10,No,No,31
4,No,No,27
48,No,No,87
22,No,No,25
47,Yes,No,39
32,No,No,76
49,Yes,Yes,25
19,No,No,38
67,Yes,Yes,45
77,Yes,Yes,81
15,No,No,29
45,No,No,57
88,Yes,Yes,75
20,No,No,36
94,Yes,Yes,61
94,Yes,Yes,89
46,No,No,76
99,Yes,No,90
43,Yes,No,48
18,No,No,45
70,Yes,Yes,52
36,No,No,42
10,No,No,37
29,No,No,58
26,No,No,35
4,No,No,22
67,Yes,No,81
89,Yes,Yes,76
22,No,No,44
77,Yes,No,60
38,No,No,44
21,No,No,59
68,Yes,Yes,52
52,Yes,No,47
6,No,No,22
63,Yes,Yes,67
66,Yes,Yes,43
30,No,No,57
33,No,No,42
54,No,No,66
52,No,No,77
88,Yes,Yes,87
75,Yes,Yes,74
54,Yes,No,45
19,No,No,65
3,No,No,46
59,Yes,Yes,72
88,Yes,Yes,84
63,No,No,88
55,Yes,No,52
40,Yes,No,32
92,Yes,Yes,90
60,No,Yes,79
81,Yes,Yes,83
99,Yes,Yes,77
2,No,No,38
19,No,No,43
97,Yes,Yes,84
85,Yes,Yes,55
21,No,No,45
11,No,No,40
71,Yes,Yes,61
59,No,No,88
53,Yes,No,56
95,Yes,Yes,82
23,No,No,39
46,No,No,68
58,Yes,No,59
68,Yes,Yes,56
76,Yes,Yes,64
1,No,No,26
34,No,No,68
82,Yes,No,76
89,Yes,Yes,82
56,Yes,No,31
81,Yes,Yes,52
92,Yes,Yes,89
87,Yes,Yes,70
78,Yes,Yes,76
57,Yes,Yes,35
4,No,No,31
80,Yes,Yes,72
16,No,No,33
94,Yes,Yes,89
73,Yes,Yes,89
43,Yes,Yes,34
50,Yes,Yes,53
38,No,No,52
16,No,No,48
55,No,No,86
76,Yes,Yes,59
95,Yes,No,79
49,Yes,No,38
15,No,No,56
0,No,No,25
33,No,No,82
83,Yes,Yes,79
69,Yes,Yes,61
98,Yes,Yes,78
68,Yes,Yes,55
23,No,No,54
73,Yes,No,81
2,No,No,24
2,No,No,23
58,No,No,89
9,No,No,24
11,No,No,33
45,Yes,Yes,37
74,Yes,Yes,68
100,Yes,Yes,84
76,Yes,No,57
18,No,No,41
81,Yes,No,66
85,Yes,Yes,84
96,Yes,Yes,82
91,Yes,Yes,78
46,No,No,75
35,No,Yes,53
62,No,No,82
38,No,No,61
6,No,No,30
12,No,No,31
45,No,No,53
44,No,No,88
26,No,No,64
41,No,No,60
98,Yes,Yes,87
71,Yes,Yes,83
28,No,No,58
53,No,No,81
93,Yes,Yes,82
30,Yes,No,21
78,Yes,Yes,83
65,Yes,No,33
18,No,No,52
91,Yes,Yes,86
97,Yes,Yes,87
54,Yes,Yes,40
16,No,No,39
58,Yes,Yes,55
88,Yes,No,89
71,Yes,Yes,53
24,No,No,39
4,No,No,21
75,Yes,Yes,88
58,No,No,70
98,Yes,Yes,84
98,Yes,Yes,88
90,Yes,Yes,69
83,Yes,Yes,87
37,Yes,Yes,30
53,Yes,Yes,48
40,No,No,66
25,No,No,42
59,Yes,Yes,40
18,No,No,29
83,Yes,Yes,76
68,Yes,Yes,56
36,No,No,60
26,No,No,44
85,Yes,Yes,77
52,Yes,Yes,44
37,No,No,60
82,Yes,Yes,75
76,Yes,No,87
83,Yes,Yes,69
60,Yes,Yes,35
39,No,No,63
46,No,No,74
24,No,No,56
15,No,No,48
57,Yes,No,35
33,No,No,59
7,No,No,21
14,No,No,39
56,Yes,Yes,25
86,Yes,Yes,89
73,Yes,No,85
64,Yes,Yes,68
5,No,No,28
70,Yes,Yes,72
100,Yes,Yes,90
52,No,No,72
43,No,No,62
88,Yes,Yes,76
59,No,No,73
9,No,No,26
89,Yes,Yes,78
92,Yes,Yes,84
6,No,No,33
50,Yes,Yes,31
45,No,No,80
16,No,No,29
74,Yes,Yes,75
60,Yes,No,40
51,Yes,No,59
45,Yes,No,22
95,Yes,No,86
60,Yes,Yes,60
43,No,No,63
84,Yes,Yes,76
81,Yes,Yes,66
50,Yes,No,36
22,No,No,27
34,No,No,63
81,Yes,Yes,78
86,Yes,Yes,78
12,No,No,36
93,Yes,Yes,89
23,No,No,45
81,Yes,No,84
27,No,No,34
45,No,No,74
61,No,No,88
20,No,No,38
35,No,No,61
25,No,No,35
31,No,No,59
84,Yes,Yes,73
9,No,No,38
40,No,No,46
53,Yes,No,49
76,Yes,Yes,67
87,Yes,Yes,85
59,No,No,69
74,Yes,No,62
8,No,No,29
57,Yes,Yes,69
0,No,No,22
1,No,No,24
15,No,No,39
82,Yes,No,63
65,Yes,No,72
60,Yes,Yes,42
91,Yes,Yes,86
61,Yes,No,35
32,No,No,33
32,No,No,30
17,No,No,44
41,No,Yes,49
61,Yes,Yes,52
22,No,No,58
30,No,Yes,65
32,Yes,No,41
92,Yes,Yes,82
42,Yes,Yes,53
30,No,No,55
96,Yes,Yes,80
72,Yes,Yes,76
73,Yes,Yes,34
31,No,No,40
82,Yes,Yes,63
55,Yes,No,53
92,Yes,Yes,86
99,Yes,Yes,78
58,Yes,Yes,62
8,No,No,36
75,Yes,Yes,69
97,Yes,Yes,85
25,No,No,47
19,No,No,53
9,No,No,25
89,Yes,Yes,53
79,Yes,Yes,73
9,No,No,38
70,Yes,Yes,60
96,Yes,Yes,90
41,No,No,65
21,No,No,49
5,No,No,25
33,No,No,68
97,Yes,Yes,89
30,No,No,66
80,Yes,Yes,75
28,No,No,45
26,No,No,40
93,Yes,Yes,78
27,No,No,33
82,Yes,Yes,71
15,No,No,49
93,Yes,Yes,85
48,No,No,73
72,Yes,Yes,68
19,No,No,36
96,Yes,Yes,86
4,No,No,28
91,Yes,Yes,69
17,No,No,32
26,No,No,53
3,No,No,33
20,No,No,65
56,No,No,90
22,No,No,24
43,Yes,No,36
15,No,No,22
47,Yes,No,36
81,Yes,Yes,90
78,Yes,Yes,79
49,Yes,No,26
9,No,No,26
31,No,No,67
66,Yes,Yes,34
10,No,No,44
40,No,No,57
71,Yes,Yes,68
55,Yes,Yes,24
40,Yes,No,24
61,Yes,Yes,78
48,Yes,No,29
33,Yes,No,35
52,No,No,74
32,No,No,53
84,Yes,No,73
65,Yes,Yes,46
32,No,No,51
98,Yes,Yes,72
67,No,No,86
80,Yes,Yes,60
90,Yes,Yes,85
48,Yes,No,83
9,No,No,23
1,No,No,27
77,Yes,No,70
74,Yes,No,81
70,Yes,Yes,70
40,No,No,76
96,Yes,Yes,81
38,No,No,54
5,No,No,21
88,Yes,No,78
34,Yes,No,32
85,Yes,Yes,89
98,Yes,Yes,81
74,Yes,Yes,78
41,Yes,Yes,36
88,Yes,Yes,78
61,Yes,Yes,72
100,Yes,Yes,85
4,No,No,24
77,Yes,Yes,62
84,Yes,No,77
30,No,No,39
46,Yes,Yes,38
63,Yes,Yes,60
22,No,No,31
81,Yes,Yes,84
85,Yes,Yes,73
9,No,No,38
68,Yes,Yes,58
15,No,No,20
56,Yes,Yes,49
58,Yes,Yes,67
35,No,No,36
18,No,No,28
5,No,No,35
39,No,No,74
63,Yes,No,55
20,No,No,68
92,Yes,Yes,88
50,Yes,No,52
71,Yes,No,39
70,Yes,No,64
99,Yes,Yes,84
39,Yes,Yes,45
40,No,No,73
70,Yes,No,53
94,Yes,Yes,90
18,No,No,63
66,Yes,No,36
33,No,No,75
39,No,No,69
99,Yes,Yes,79
73,Yes,Yes,58
77,Yes,Yes,71
48,Yes,No,54
94,Yes,Yes,79
24,No,No,47
62,No,No,80
76,Yes,No,81
83,Yes,Yes,56
5,No,No,38
58,Yes,No,42
14,No,No,45
75,Yes,No,72
64,No,No,72
45,Yes,Yes,40
42,Yes,No,55
73,Yes,Yes,77
41,No,Yes,72
11,No,No,41
11,No,No,26
47,Yes,No,47
10,No,No,35
67,Yes,No,65
44,Yes,Yes,41
23,No,No,25
96,Yes,Yes,90
44,No,No,56
64,Yes,No,59
21,No,No,36
49,Yes,Yes,39
82,Yes,Yes,81
66,Yes,Yes,84
24,No,No,51
16,No,No,22
25,No,No,46
83,Yes,Yes,83
41,No,No,72
87,Yes,Yes,81
34,Yes,Yes,31
26,No,No,38
75,Yes,Yes,71
28,No,No,49
41,Yes,Yes,27
35,No,No,58
54,No,No,66
96,Yes,Yes,64
81,Yes,Yes,67
16,No,No,49
33,No,No,49
67,Yes,No,57
0,No,No,24
31,No,No,42
87,Yes,No,63
57,No,No,74
49,No,No,56
27,No,No,54
32,No,No,40
19,No,No,40
89,Yes,Yes,77
32,No,No,45
2,No,No,29
5,No,No,52
67,Yes,Yes,79
82,Yes,No,78
5,No,No,44
89,Yes,Yes,80
57,Yes,Yes,53
50,Yes,Yes,34
5,No,No,25
14,No,No,43
50,Yes,Yes,43
83,Yes,Yes,87
45,Yes,Yes,33
93,Yes,Yes,79
5,No,No,30
27,No,No,49
74,Yes,Yes,88
18,No,No,43
17,No,No,24
65,No,No,72
17,No,No,28
30,Yes,No,22
68,Yes,Yes,68
93,Yes,Yes,85
98,Yes,Yes,81
67,Yes,Yes,69
12,No,No,42
84,Yes,Yes,79
90,Yes,No,78
69,Yes,No,64
74,Yes,No,76
54,Yes,Yes,41
13,No,No,62
74,No,No,81
88,Yes,Yes,82
28,No,No,61
33,No,No,57
36,No,Yes,55
11,No,No,50
41,Yes,Yes,31
7,No,No,45
14,No,No,45
29,No,No,67
20,No,No,39
4,No,No,48
84,Yes,Yes,75
91,Yes,No,80
34,No,No,58
78,Yes,No,59
86,Yes,Yes,58
52,Yes,No,40
72,Yes,Yes,67
0,No,No,29
99,Yes,Yes,84
99,Yes,Yes,85
45,No,No,54
11,No,No,55
87,Yes,Yes,63
13,No,No,32
81,Yes,No,84
70,Yes,Yes,44
78,Yes,Yes,67
8,No,No,23
3,No,No,22
76,Yes,Yes,76
86,Yes,Yes,86
35,No,No,62
72,Yes,Yes,51
35,Yes,Yes,21
75,Yes,No,77
51,Yes,Yes,48
74,Yes,Yes,47
34,No,No,44
91,Yes,Yes,80
7,No,No,30
82,Yes,Yes,84
17,No,No,37
87,Yes,No,86
36,Yes,No,22
69,Yes,Yes,68
47,No,No,67
33,No,No,46
63,Yes,Yes,57
94,Yes,Yes,76
98,Yes,Yes,79
65,Yes,Yes,40
2,No,No,24
67,Yes,Yes,60
57,Yes,Yes,41
43,Yes,No,51
64,Yes,Yes,82
35,Yes,Yes,27
31,No,No,67
31,No,No,66
78,Yes,Yes,76
49,Yes,Yes,42
18,No,No,27
45,Yes,Yes,28
54,Yes,No,42
43,Yes,Yes,37
11,No,No,28
19,No,No,31
65,Yes,Yes,89
42,No,No,82
1,No,No,24
26,No,No,34
52,No,No,87
38,No,No,59
59,No,No,78
67,Yes,Yes,44
17,No,No,40
96,Yes,Yes,88
59,Yes,No,50
73,Yes,No,75
22,No,No,47
68,Yes,Yes,68
99,Yes,Yes,80
61,Yes,Yes,58
54,Yes,No,29
54,Yes,Yes,62
27,No,No,31
87,Yes,Yes,85
46,Yes,No,37
82,Yes,No,90
20,No,No,53
43,Yes,No,28
45,No,Yes,66
21,No,No,47
13,No,No,25
86,Yes,Yes,86
55,Yes,No,75
76,Yes,Yes,71
22,No,No,52
38,No,No,63
67,No,No,80
18,No,No,25
32,No,No,37
